fake_id,003,47,191,217,501,503,505,512,514,9003,9004,9005,9006,overall_total
1577-1586,373,68,321,78,474,349,244,471,177,0,38,79,0,2672
2075-2088,758,153,252,122,389,577,422,465,168,8,20,52,2,3388
7942-7944,111,4,2,5,169,22,8,155,7,0,8,0,0,491
4385-4392,343,25,13,30,684,156,35,781,19,0,17,44,0,2147
1214-1230,1063,226,293,198,631,727,644,619,238,4,31,62,1,4737
2732-2744,715,125,278,111,384,534,388,557,217,0,42,67,0,3418
7937-7941,309,11,4,6,328,92,12,415,18,0,28,6,0,1229
518-522,99,26,139,29,342,128,76,257,65,0,15,26,0,1202
4008-4012,499,13,15,9,543,89,19,191,20,0,25,16,0,1439
710-720,575,143,176,67,400,467,437,401,150,0,19,53,2,2890
7096-7104,505,53,25,25,154,144,63,1012,18,0,28,23,0,2050
3152-3153,77,13,7,5,144,56,43,152,25,0,1,10,1,534
3027-3030,252,86,40,40,109,227,120,98,42,0,10,11,0,1035
3951-3951,7,0,0,0,0,2,1,4,0,1,0,1,0,16
4950-4953,309,47,30,15,140,118,65,220,34,0,7,32,0,1017
5687-5694,445,63,24,24,217,271,76,818,94,0,18,45,0,2095
6685-6692,493,27,16,5,110,140,30,1259,34,0,14,22,0,2150
966-972,352,62,81,46,199,303,217,203,87,0,9,32,0,1591
7871-7877,614,24,11,6,286,186,39,597,15,18,58,7,0,1861
3935-3938,220,2,2,2,145,8,1,264,4,0,4,4,0,656
1005-1014,482,90,203,77,337,404,301,414,188,0,20,64,1,2581
4305-4306,178,3,0,1,15,7,5,270,1,5,6,2,0,493
3903-3909,578,14,17,3,267,141,28,573,19,0,29,18,0,1687
6958-6970,545,80,26,59,389,416,166,1466,107,0,44,76,0,3374
4251-4258,347,45,27,31,910,244,65,525,48,0,36,24,1,2303
4811-4812,73,1,1,2,36,16,3,229,2,0,1,1,0,365
4302-4303,76,1,6,0,25,18,9,151,15,0,4,5,0,310
1936-1952,927,236,319,165,583,711,650,533,251,15,28,91,7,4516
1493-1498,216,39,132,51,199,186,166,217,96,0,13,31,0,1346
358-363,370,65,141,66,181,247,214,187,66,0,4,33,0,1574
7710-7711,130,1,1,0,355,2,2,32,1,0,8,4,0,536
2570-2584,748,112,418,137,457,626,420,649,226,0,48,112,0,3953
7449-7454,338,23,8,5,186,126,26,274,16,0,53,14,0,1069
3589-3597,366,67,112,47,397,528,265,416,96,0,29,61,0,2384
2792-2799,281,44,222,52,383,260,132,309,101,0,20,48,0,1852
180-186,396,74,156,56,247,311,258,285,104,0,11,16,1,1915
5418-5422,405,19,18,4,70,118,39,529,14,0,40,0,0,1256
4435-4440,353,32,26,54,192,266,52,502,41,0,24,41,0,1583
4037-4042,483,31,20,18,146,185,35,524,31,0,44,6,0,1523
4301-4301,42,3,1,0,8,11,6,121,4,5,3,2,0,206
4908-4919,530,71,89,39,583,389,216,716,91,1,35,78,0,2838
3654-3666,789,148,151,105,489,818,348,502,116,2,32,36,0,3536
2880-2884,233,49,133,42,201,202,183,191,104,0,21,39,0,1398
4030-4033,207,19,38,11,90,120,14,339,13,0,18,27,0,896
7119-7126,451,64,65,39,253,325,192,626,73,0,20,64,0,2172
1713-1726,804,141,297,135,520,623,541,533,250,0,29,84,0,3957
6336-6342,672,26,7,8,167,126,22,741,20,0,17,37,0,1843
6383-6389,366,23,67,17,269,197,72,449,66,0,16,36,0,1578
3068-3070,99,30,101,22,126,107,85,124,41,0,14,15,5,769
2993-3000,512,165,105,69,288,535,207,184,94,2,12,19,0,2192
3277-3291,602,131,204,71,382,674,297,1166,152,0,52,110,1,3842
3188-3188,19,3,2,0,14,52,2,140,0,0,2,2,0,236
4501-4502,51,3,2,2,12,24,7,143,4,0,5,3,0,256
5234-5234,33,13,9,1,39,18,14,105,5,6,1,5,0,249
1920-1929,343,48,315,81,538,299,196,441,192,7,27,64,5,2556
3984-3987,130,8,8,5,304,94,2,350,10,1,5,6,0,923
5082-5096,801,182,191,68,539,833,278,717,130,1,34,99,6,3879
779-786,446,76,151,59,299,342,281,278,132,0,23,34,3,2124
5005-5011,420,56,23,17,170,185,97,467,49,0,22,19,0,1525
7496-7496,99,1,0,0,1,10,5,113,1,0,4,0,0,234
2800-2810,329,59,345,57,521,367,186,523,153,4,39,69,0,2652
6394-6404,751,49,53,32,285,281,175,844,39,12,33,51,0,2605
794-803,530,107,258,76,350,458,317,391,143,0,18,67,2,2717
98-107,581,114,124,106,345,429,352,296,137,0,13,26,2,2525
1482-1492,482,95,312,111,434,427,362,490,183,0,20,92,0,3008
4829-4836,413,78,75,39,313,355,179,466,56,1,17,37,1,2030
7327-7328,143,8,9,6,47,37,17,154,5,0,1,6,0,433
2605-2609,246,32,125,33,154,211,151,243,85,0,16,41,0,1337
625-635,450,95,222,91,372,392,319,675,173,0,38,81,0,2908
3178-3182,432,21,26,27,52,67,18,637,26,0,32,0,0,1338
5097-5112,885,210,163,63,532,837,299,789,141,0,40,119,0,4078
891-900,539,113,210,76,298,401,346,371,134,4,28,51,1,2572
1182-1191,447,100,208,90,368,404,285,360,124,0,24,57,2,2469
2984-2992,602,204,79,104,298,634,223,211,87,0,5,17,0,2464
3126-3128,244,24,11,11,39,51,25,381,11,0,25,10,0,832
7355-7366,626,121,50,48,495,304,146,1293,64,0,43,40,0,3230
7583-7595,694,328,93,40,564,430,181,769,76,0,35,54,0,3264
3835-3837,213,1,5,1,78,13,9,114,12,0,16,3,0,465
4043-4051,435,29,23,8,253,295,69,1124,38,0,18,25,0,2317
4423-4425,182,15,9,5,157,122,16,249,13,0,23,14,0,805
5865-5868,206,4,9,3,300,34,20,259,11,0,8,2,0,856
64-78,800,171,191,155,524,586,507,326,183,0,24,36,7,3510
6547-6551,265,3,4,6,260,47,28,610,10,0,26,12,0,1271
2703-2712,430,67,209,67,341,335,238,446,139,0,24,43,0,2339
5344-5355,375,54,42,29,382,327,98,1154,99,1,42,92,0,2695
7489-7490,73,3,4,2,19,18,1,211,4,0,4,0,0,339
5875-5876,68,1,2,1,157,11,1,47,6,0,0,6,0,300
2958-2964,400,129,65,104,156,428,140,171,54,1,15,8,0,1671
956-965,621,197,119,92,345,484,318,236,125,5,24,33,1,2600
5602-5625,1168,163,53,106,683,669,172,2392,285,0,57,131,1,5880
3478-3485,256,58,240,47,288,308,193,568,82,1,45,44,0,2130
4810-4810,1,0,1,0,3,2,2,24,2,0,0,0,0,35
5981-5981,37,0,1,0,11,4,2,48,0,0,0,0,0,103
4326-4336,1147,28,65,27,313,160,70,1098,47,0,44,39,1,3039
5988-5988,4,0,0,0,2,0,0,12,0,0,0,0,0,18
7866-7870,115,3,1,2,341,56,4,178,4,0,10,5,0,719
2942-2948,437,97,97,70,227,400,251,230,94,0,10,34,2,1949
6201-6210,814,45,77,29,347,232,133,640,49,0,47,53,0,2466
5131-5140,517,141,124,49,318,491,182,508,106,0,36,52,1,2525
4745-4752,271,30,9,12,268,641,41,755,28,1,39,12,1,2108
5487-5494,833,20,14,17,287,304,28,542,40,0,31,19,0,2135
202-229,1571,300,602,248,991,1124,988,1079,424,4,53,103,4,7491
5310-5321,434,72,32,33,455,377,109,1428,116,0,51,84,0,3191
2113-2120,411,89,151,91,214,289,197,239,90,0,17,24,0,1812
4984-4994,712,97,79,42,337,405,166,801,48,0,27,57,0,2771
6390-6392,121,11,23,15,92,57,24,260,14,0,9,8,0,634
2713-2718,394,53,126,35,132,235,88,220,55,4,12,37,4,1395
1015-1024,506,87,217,107,340,382,349,365,175,0,17,76,0,2621
3975-3975,46,1,3,1,130,12,4,24,2,0,5,2,0,230
2290-2293,232,49,88,47,137,182,131,126,71,0,15,18,2,1098
4453-4461,465,59,37,79,313,425,73,770,56,0,45,58,0,2380
4813-4813,53,0,0,0,8,2,2,117,3,0,2,0,0,187
397-401,263,43,120,39,175,245,197,175,74,0,14,24,1,1370
7398-7401,157,6,8,14,446,37,14,329,4,0,22,9,0,1046
5939-5939,6,0,0,0,0,1,0,15,0,0,0,1,0,23
6119-6125,662,44,22,28,312,198,77,491,35,0,30,21,0,1920
5513-5520,398,38,17,11,300,234,30,971,42,0,43,29,0,2113
1806-1814,423,90,229,93,321,352,342,358,171,9,28,59,1,2476
7679-7679,21,1,1,0,16,3,3,73,2,0,1,1,0,122
7436-7442,486,36,34,15,238,334,42,593,35,0,26,34,4,1877
1249-1264,544,100,517,108,754,539,378,828,260,1,57,85,10,4181
2032-2034,235,59,26,52,48,243,37,99,25,0,3,4,0,831
5877-5882,639,6,7,6,65,85,21,754,11,0,23,1,0,1618
6231-6235,414,33,52,15,194,132,91,370,25,0,24,44,0,1394
7043-7051,364,79,12,26,260,312,115,1038,88,0,34,33,0,2361
7497-7508,616,255,71,47,575,404,185,733,73,3,28,40,6,3036
7346-7346,53,1,5,0,4,0,0,198,2,0,3,2,0,268
7907-7910,265,15,11,7,334,92,17,216,16,0,15,8,0,996
5648-5656,501,75,31,27,270,356,80,877,102,1,27,46,0,2393
1419-1431,723,157,228,180,482,549,449,348,177,0,18,44,2,3357
6789-6795,433,19,15,11,75,131,32,924,25,0,57,0,0,1722
3997-3999,214,9,4,3,55,51,8,398,14,0,7,9,0,772
303-317,711,144,354,128,532,623,511,551,257,1,35,90,2,3939
6592-6594,77,6,2,9,84,61,20,301,30,0,9,5,0,604
1444-1454,635,161,204,115,400,495,431,453,156,0,27,43,3,3123
973-980,472,114,105,70,324,356,259,291,107,5,19,21,0,2143
318-325,409,66,158,58,268,374,269,292,125,0,24,44,0,2087
7297-7304,384,61,128,40,315,391,166,521,62,0,34,98,1,2201
5218-5225,437,37,78,29,292,192,146,420,60,0,17,45,0,1753
7826-7835,340,19,13,16,436,572,39,1073,33,5,24,24,0,2594
5792-5799,343,48,14,21,194,230,71,688,88,0,35,42,0,1774
3221-3222,68,4,8,3,50,48,35,280,13,0,5,8,0,522
5924-5924,54,3,0,1,11,7,0,130,5,0,4,0,0,215
6918-6919,78,0,0,0,10,4,0,123,1,0,3,0,0,219
3086-3087,34,6,2,4,50,16,5,208,2,0,2,7,0,336
3078-3081,167,50,70,33,197,167,154,125,71,0,15,21,4,1074
7105-7106,147,3,3,4,32,43,12,281,6,0,1,5,0,537
776-778,177,37,66,22,112,123,131,88,57,0,8,7,0,828
3756-3757,84,1,3,1,20,7,1,310,3,0,8,2,0,440
831-842,582,100,303,100,451,518,392,473,150,1,25,76,0,3171
5521-5526,357,16,14,11,220,170,27,687,34,1,32,16,0,1585
6466-6466,26,3,2,0,9,9,1,83,1,0,5,0,0,139
7347-7354,437,10,70,5,75,46,27,994,14,0,39,13,0,1730
7622-7628,538,65,19,10,213,180,61,669,20,1,17,31,1,1825
6788-6788,111,0,1,0,3,6,1,45,0,0,1,1,0,169
3423-3434,630,79,94,38,444,600,172,636,66,0,45,47,0,2851
5527-5528,250,9,3,3,25,48,5,119,2,0,8,15,0,487
6051-6058,741,77,37,18,183,271,57,728,33,11,27,27,0,2210
7886-7887,41,7,4,5,46,32,8,231,11,0,4,3,0,392
3071-3077,301,97,96,66,303,216,238,164,113,0,13,32,0,1639
5276-5284,652,35,10,21,200,284,48,1050,29,0,39,30,0,2398
1455-1465,619,131,203,114,353,412,364,398,170,0,16,59,0,2839
1299-1307,288,71,287,98,420,348,286,387,131,0,22,82,5,2425
452-456,195,29,126,35,167,210,174,199,116,7,13,34,0,1305
5626-5637,692,78,20,38,279,409,115,1031,146,0,30,62,0,2900
3300-3306,251,62,94,39,223,342,140,616,83,5,28,33,6,1922
3968-3974,587,20,15,11,116,106,35,809,27,0,31,27,0,1784
685-697,736,175,219,90,497,524,486,399,172,6,27,80,0,3411
6579-6580,40,5,0,0,28,6,5,173,10,0,17,0,0,284
4872-4873,59,10,11,9,85,38,44,121,14,0,7,16,0,414
5937-5937,50,0,0,0,1,2,0,72,0,0,0,0,0,125
4814-4819,411,6,23,19,107,91,35,637,17,0,12,29,0,1387
3376-3381,309,22,74,8,131,132,63,385,28,0,11,21,1,1185
3268-3276,283,81,106,48,234,350,148,692,83,0,14,62,1,2102
4705-4721,625,62,26,33,570,1205,76,1439,83,0,42,42,0,4203
6740-6743,261,10,4,3,72,57,15,487,7,0,16,0,0,932
1124-1131,439,96,127,61,270,342,318,246,121,1,25,42,0,2088
923-934,656,116,272,100,390,455,409,484,154,21,42,87,3,3189
7221-7221,0,0,0,0,0,0,0,0,0,0,1,7,0,8
4995-5004,582,76,60,35,240,303,131,756,50,0,29,46,1,2309
5369-5374,248,40,16,16,233,162,58,673,78,0,29,32,0,1585
3732-3744,531,101,203,81,442,508,339,652,178,5,54,104,4,3202
4797-4797,8,0,0,0,5,0,0,42,1,0,0,0,0,56
3730-3731,74,17,28,11,65,100,57,131,29,0,4,26,0,542
4259-4268,442,50,25,29,1162,304,74,635,52,0,30,51,0,2854
7759-7769,662,65,48,17,418,522,85,594,65,0,26,35,0,2537
6841-6842,43,2,1,1,17,27,4,184,7,0,3,0,0,289
6782-6782,44,4,0,0,3,21,5,88,1,0,2,0,0,168
1343-1348,319,51,118,109,239,238,212,186,96,2,12,35,2,1619
2981-2983,120,19,77,26,124,130,105,108,54,9,11,20,0,803
819-830,570,135,318,90,475,474,431,471,207,0,21,87,0,3279
6289-6298,702,32,23,10,317,449,64,955,30,7,44,38,0,2671
4212-4225,725,113,44,73,1348,557,182,535,67,0,42,73,0,3759
637-642,215,32,137,30,208,206,92,290,74,0,22,25,0,1331
3169-3177,360,59,30,17,455,205,131,941,47,0,62,18,0,2325
6425-6425,6,0,0,0,1,1,0,16,2,0,0,0,0,26
5012-5016,347,51,27,11,131,161,70,381,28,0,8,29,0,1244
252-261,556,104,144,90,276,484,307,290,110,1,21,44,1,2428
7725-7725,7,1,0,0,9,10,8,72,4,0,1,2,0,114
444-451,318,70,228,55,369,330,210,317,158,0,12,70,0,2137
47-63,879,182,213,121,529,581,495,476,177,0,34,56,1,3744
6931-6935,154,11,2,3,21,57,16,848,14,0,9,4,0,1139
5113-5122,560,130,97,46,363,511,188,461,116,0,24,59,0,2555
1439-1443,261,70,85,65,173,217,217,182,70,0,13,28,0,1381
3257-3267,433,109,150,76,356,540,214,884,115,1,43,66,1,2988
7982-7986,195,18,4,7,489,122,15,322,9,0,16,2,1,1200
4722-4732,425,38,19,21,376,872,50,1002,33,0,30,49,0,2915
2658-2668,512,100,254,89,408,413,315,606,158,0,27,55,1,2938
2543-2550,390,75,192,71,281,346,236,374,130,0,21,69,0,2185
6581-6586,480,14,25,12,220,55,27,712,24,0,23,32,0,1624
4963-4970,526,41,39,31,196,298,112,633,35,0,23,42,0,1976
6154-6163,657,71,95,47,309,320,177,924,98,0,50,41,5,2794
2623-2626,206,25,136,31,176,155,90,159,68,0,17,29,1,1093
6012-6018,407,22,45,7,133,140,43,972,39,0,44,24,0,1876
1739-1756,1108,236,298,208,661,753,639,540,261,2,34,87,1,4828
7233-7233,41,13,15,1,55,28,23,99,7,0,2,1,0,285
6460-6461,47,52,12,2,119,15,9,320,9,0,4,2,0,591
1607-1618,593,110,261,104,408,443,417,395,233,0,27,47,1,3039
5855-5855,27,0,1,1,27,26,3,66,57,0,6,1,0,215
3644-3653,421,133,97,72,464,558,293,258,107,0,19,35,2,2459
5504-5512,514,33,22,16,336,273,45,1086,42,0,55,12,0,2434
436-443,291,43,217,74,423,232,195,384,100,0,23,32,0,2014
6715-6724,613,39,27,24,354,194,71,1155,43,0,43,50,0,2613
4185-4199,765,114,44,58,1297,568,154,587,89,5,46,65,4,3796
5017-5018,39,12,11,4,231,40,34,152,10,0,5,4,0,542
7272-7278,602,29,42,14,124,166,78,760,27,0,30,25,0,1897
3573-3583,381,69,95,40,353,753,275,546,62,4,20,49,0,2647
6001-6001,94,4,5,2,72,6,7,49,2,0,1,0,0,242
7423-7429,534,40,17,29,170,290,75,600,22,0,22,50,0,1849
4362-4362,14,0,0,0,12,2,0,17,0,0,2,2,0,49
2350-2354,199,13,167,26,295,99,87,311,71,11,30,35,0,1344
7878-7885,601,30,14,11,323,247,28,777,26,0,48,9,0,2114
1054-1063,639,141,154,97,313,553,366,313,122,0,23,43,0,2764
1777-1787,517,121,295,101,471,430,383,408,154,0,25,93,1,2999
6684-6684,26,2,0,0,15,12,3,39,3,0,1,0,0,101
5209-5217,416,47,81,34,217,260,164,572,62,0,33,38,0,1924
732-738,438,122,79,30,213,328,207,164,81,1,17,13,3,1696
7853-7854,70,4,0,2,27,40,8,307,1,0,14,0,0,473
568-586,1223,275,232,178,622,819,670,578,190,1,28,59,4,4879
5446-5452,471,14,5,9,725,93,25,393,29,0,25,14,0,1803
948-955,535,134,90,88,275,409,294,202,97,0,11,16,0,2151
5883-5887,536,12,4,6,58,61,15,613,4,0,18,2,1,1330
4359-4360,285,0,7,0,33,6,0,112,0,0,4,7,0,454
3050-3059,429,79,215,94,434,436,228,412,139,1,37,62,1,2567
4936-4943,449,60,150,40,248,235,97,538,69,0,24,71,1,1982
4820-4820,31,2,4,2,17,5,6,118,4,0,8,5,0,202
6800-6816,1055,94,54,53,658,477,180,1685,115,0,69,102,0,4542
2856-2867,783,240,79,134,275,758,212,219,91,0,25,17,0,2833
5176-5179,256,40,38,15,181,148,91,223,31,0,8,35,0,1066
2239-2247,482,99,229,90,322,421,324,302,145,0,18,29,0,2461
4957-4962,362,55,27,19,156,203,87,501,25,0,14,18,0,1467
5872-5872,40,0,1,0,5,2,0,31,0,0,0,0,0,79
5989-5991,67,1,8,2,50,14,2,417,8,0,13,2,0,584
1349-1374,1213,316,390,241,988,944,904,759,362,0,36,116,4,6273
4920-4925,304,36,32,24,338,208,116,410,44,0,18,48,0,1578
6831-6840,659,64,32,39,394,267,88,879,158,8,36,62,0,2686
1769-1776,461,78,130,83,284,352,312,237,129,8,19,41,0,2134
4928-4935,462,55,129,21,268,250,98,533,61,0,27,60,0,1964
7378-7383,274,60,21,12,199,122,74,541,28,0,20,11,7,1369
6478-6485,376,23,22,19,722,126,80,680,36,0,29,31,0,2144
4556-4561,431,19,11,19,158,184,26,707,20,0,32,14,0,1621
4086-4115,1499,231,88,146,2669,1277,337,1199,184,0,96,135,9,7870
4013-4016,289,14,22,8,176,121,7,380,16,0,24,18,0,1075
287-291,290,53,59,96,106,346,98,150,43,0,10,9,0,1260
5475-5477,259,9,3,6,17,79,7,316,16,0,6,17,0,735
469-477,460,87,173,74,297,347,313,299,124,0,21,54,0,2249
7736-7737,104,0,3,1,97,25,3,261,13,0,17,0,0,524
2139-2143,265,56,93,38,158,245,157,181,65,0,8,24,5,1295
4316-4325,1054,24,51,17,273,151,68,940,39,0,24,65,1,2707
843-844,93,18,55,23,91,84,63,58,29,0,5,14,0,533
6823-6830,510,52,29,17,286,225,112,779,53,0,41,33,0,2137
7127-7132,269,34,42,33,141,187,102,449,36,0,22,33,0,1348
1619-1628,501,93,199,105,347,361,363,354,162,4,15,45,0,2549
6665-6666,106,3,5,2,18,29,6,112,2,0,10,0,0,293
7329-7330,88,8,9,9,45,33,18,86,15,0,5,3,0,319
7973-7976,241,22,7,11,313,119,17,286,16,0,7,15,0,1054
554-567,906,226,153,138,428,619,504,388,139,1,20,61,0,3583
7631-7632,185,4,3,0,15,14,3,50,0,0,4,2,0,280
7191-7203,676,85,120,68,383,373,251,1056,93,0,45,84,0,3234
6426-6427,74,4,34,3,45,43,9,120,9,0,3,7,0,351
1995-2000,242,32,173,21,308,209,154,207,129,12,22,33,1,1543
3820-3832,750,28,80,25,789,245,100,866,62,0,42,47,0,3034
4053-4053,3,0,0,1,3,2,0,4,0,0,0,0,0,13
4900-4907,407,45,62,35,425,267,159,509,82,0,17,51,0,2059
2478-2484,287,47,199,39,237,279,191,364,87,11,14,75,2,1832
5158-5167,460,143,115,46,302,453,162,417,80,0,34,53,27,2292
4672-4682,387,27,11,17,1160,141,36,894,27,1,13,26,1,2741
5955-5959,542,19,16,10,114,126,31,418,17,0,20,22,0,1335
5869-5869,52,10,0,0,13,7,1,104,0,0,0,0,0,187
5435-5439,227,20,11,12,108,172,27,648,29,0,13,22,0,1289
6714-6714,110,2,1,0,2,7,0,32,0,0,1,0,0,155
4971-4976,364,40,36,17,150,229,90,491,19,0,12,32,0,1480
7326-7326,34,1,2,3,13,14,8,52,2,0,6,0,0,135
2456-2468,645,137,303,111,371,522,355,485,177,0,29,92,0,3227
173-179,430,90,69,64,270,326,207,166,73,0,13,12,0,1720
3132-3139,417,117,28,21,308,370,101,566,52,0,15,37,1,2033
428-435,262,37,176,45,437,261,218,376,110,4,25,33,2,1986
7324-7325,99,17,11,9,25,49,22,208,19,0,5,4,1,469
1841-1848,379,65,217,76,299,338,170,390,158,0,30,58,5,2185
6673-6679,477,22,13,10,145,131,37,883,21,0,44,10,0,1793
3633-3643,556,126,112,61,504,623,341,282,90,0,16,34,0,2745
2868-2871,199,36,118,33,165,184,156,149,56,0,3,32,0,1131
4884-4891,408,67,60,31,390,297,162,520,80,0,11,37,0,2063
6430-6431,117,8,21,4,72,48,32,157,10,0,7,4,0,480
1592-1594,34,7,58,13,82,46,59,194,21,0,6,21,0,541
332-342,492,96,200,96,331,412,333,362,169,0,28,54,7,2580
5755-5781,1447,176,81,75,729,899,235,2424,311,1,84,140,2,6604
3838-3840,55,1,2,1,73,11,0,145,4,0,5,1,0,298
3791-3803,700,38,72,22,770,302,107,922,63,0,52,53,0,3101
2833-2845,818,250,187,114,517,631,416,325,152,0,28,53,2,3493
6732-6732,10,3,0,1,9,13,4,50,0,0,0,3,0,93
3183-3186,329,19,20,13,33,64,18,531,11,0,25,7,0,1070
3154-3154,144,9,1,2,9,9,4,33,3,0,5,0,0,219
2500-2509,495,82,233,81,292,392,265,342,136,0,19,48,0,2385
3369-3374,301,45,43,32,264,341,165,248,41,0,16,35,0,1531
981-988,484,139,92,78,294,378,282,234,104,0,12,20,1,2118
1822-1829,457,72,156,56,287,387,259,343,116,0,19,42,0,2194
6434-6445,1119,34,34,20,753,142,59,879,64,0,89,4,0,3197
3346-3351,464,55,65,33,171,321,95,368,33,0,15,37,0,1657
1895-1904,353,49,340,84,556,342,189,440,169,1,43,73,1,2640
4619-4623,323,26,6,8,87,114,30,626,21,0,38,3,0,1282
6211-6220,820,55,110,50,340,239,131,629,53,66,33,71,0,2597
5833-5844,951,40,22,28,397,362,56,1146,67,0,35,49,0,3153
5495-5503,940,15,27,23,367,325,34,562,38,0,48,23,0,2402
7286-7296,566,64,174,82,395,549,246,692,90,0,54,112,0,3024
4462-4462,1,0,0,1,1,3,0,18,1,0,1,0,0,26
3060-3067,319,58,191,43,414,280,216,361,123,0,20,58,0,2083
7107-7118,713,98,112,56,370,409,269,1042,133,0,36,70,0,3308
349-357,266,41,268,53,371,333,210,420,128,0,39,67,0,2196
7864-7865,9,1,1,3,284,15,5,207,1,0,5,6,5,542
1209-1213,207,44,179,56,208,212,181,246,85,0,20,35,0,1473
4837-4839,97,11,40,13,78,99,56,221,26,0,7,16,0,664
6164-6167,298,31,45,8,136,98,61,342,32,0,17,27,0,1095
3361-3365,401,33,54,19,184,242,68,252,32,0,24,5,0,1314
3925-3934,741,41,15,11,432,167,45,981,38,0,43,34,0,2548
1432-1438,405,72,123,135,260,325,311,212,103,0,19,21,4,1990
6411-6416,434,26,22,12,154,177,106,476,29,0,18,31,0,1485
3845-3845,17,0,1,2,23,4,0,14,1,0,1,1,0,64
491-501,449,88,171,74,260,343,338,305,109,16,17,52,0,2222
6135-6147,871,118,154,37,452,364,208,1267,108,0,32,56,1,3668
6433-6433,22,1,2,0,13,11,2,73,4,0,3,3,0,134
132-147,990,232,149,187,506,776,415,414,157,1,34,40,4,3905
7282-7285,327,16,4,10,70,85,26,523,22,0,11,1,0,1095
2377-2382,316,69,127,46,189,266,178,242,83,0,8,34,0,1558
2551-2552,105,15,63,8,65,78,56,86,46,0,3,24,0,549
4025-4026,90,4,3,5,42,68,1,273,8,0,4,0,0,498
2436-2447,588,111,280,104,381,470,374,421,181,22,32,66,7,3037
3014-3026,810,222,145,137,365,669,348,282,124,1,14,32,1,3150
6746-6748,193,6,9,3,66,42,18,454,8,0,10,12,0,821
6739-6739,18,1,1,0,1,6,3,54,0,0,0,2,0,86
7688-7688,11,0,0,0,2,1,0,10,4,0,2,0,0,30
5322-5332,418,68,24,32,348,287,89,1156,118,0,34,71,0,2645
7393-7397,389,16,12,10,116,68,36,643,12,0,36,5,0,1343
6178-6183,468,50,25,18,156,172,39,572,27,0,18,37,0,1582
7559-7572,714,391,90,53,578,446,219,876,67,5,47,74,0,3560
7651-7655,585,20,28,15,125,195,20,207,13,0,8,15,0,1231
5985-5987,95,0,3,2,80,9,3,87,5,0,8,3,0,295
7093-7093,5,2,1,0,0,2,3,12,0,0,0,0,0,25
2949-2957,653,185,79,131,231,673,198,250,88,0,16,15,0,2519
1543-1550,286,54,260,56,382,285,194,418,143,0,24,55,4,2161
5427-5427,17,1,1,3,10,13,2,33,2,0,0,1,0,83
1032-1045,744,164,289,96,475,551,443,568,210,1,30,71,1,3643
5423-5426,229,24,14,5,55,90,32,507,13,0,18,13,0,1000
6537-6543,279,20,22,11,556,102,50,524,24,0,18,16,0,1622
1696-1712,905,166,328,186,594,858,569,670,316,2,29,74,2,4699
4805-4805,10,1,0,0,12,6,1,72,1,0,0,1,0,104
535-543,468,85,149,64,245,333,309,444,102,0,14,39,0,2252
7689-7689,11,0,0,0,1,0,0,19,0,0,1,0,0,32
4003-4007,590,26,5,18,455,109,31,198,11,0,18,13,0,1474
2973-2980,357,65,188,61,337,332,285,314,127,0,21,74,3,2164
3856-3856,6,0,1,0,9,0,1,10,1,0,1,0,0,29
2719-2720,76,12,30,10,28,61,33,38,7,0,3,5,0,303
6569-6571,145,4,12,7,109,53,47,326,7,0,6,9,0,725
3397-3409,758,85,105,37,564,702,179,751,85,0,54,49,0,3369
4546-4555,747,25,8,16,201,317,54,1063,24,64,31,46,0,2596
7714-7714,16,0,3,0,12,4,1,38,4,0,5,0,0,83
6323-6330,641,31,17,13,213,309,64,677,55,0,29,12,0,2061
4307-4315,915,24,47,24,274,140,72,894,26,0,27,47,0,2490
3952-3956,441,18,9,9,116,114,23,479,28,0,37,0,0,1274
6552-6552,32,2,2,0,15,5,3,54,1,0,3,0,0,117
90-97,439,124,89,74,287,351,294,195,88,0,7,26,0,1974
4844-4851,312,50,46,24,256,256,165,472,37,6,28,45,0,1697
7509-7523,909,361,95,64,692,581,213,967,97,0,38,61,1,4079
674-684,611,133,195,88,439,454,405,334,130,0,19,42,3,2853
3088-3088,11,1,2,0,14,10,2,42,3,2,2,0,0,89
7177-7190,762,106,132,71,451,479,324,1277,124,0,50,101,0,3877
4369-4374,807,8,11,4,75,66,19,472,17,9,28,21,0,1537
3960-3967,701,27,7,10,145,127,23,892,23,0,70,6,1,2032
5899-5906,622,45,97,49,247,363,120,603,55,2,35,49,2,2289
544-550,357,60,129,55,187,282,264,312,100,0,19,14,0,1779
3187-3187,15,9,1,0,8,5,5,35,0,0,1,0,0,79
4821-4821,44,0,0,0,2,4,2,54,2,0,2,12,0,122
739-747,515,126,113,58,271,401,315,258,103,0,20,16,0,2196
7637-7638,104,6,10,3,86,74,18,190,4,0,15,3,0,513
4397-4406,800,43,19,14,433,394,64,808,41,0,41,51,0,2708
6911-6917,532,36,11,6,78,120,26,1083,19,0,28,11,0,1950
5123-5130,395,87,110,22,290,400,160,392,85,0,27,43,0,2011
5301-5304,144,14,8,4,119,85,19,358,22,0,7,6,0,786
7160-7168,475,49,69,29,247,264,162,733,59,0,18,52,0,2157
4521-4527,345,33,13,15,414,202,65,684,34,0,27,23,0,1855
3159-3161,81,16,7,8,451,33,25,168,10,0,10,12,0,821
7239-7241,171,22,28,7,136,64,65,213,34,1,8,20,1,770
1046-1053,493,125,124,72,259,456,299,230,115,0,14,34,1,2222
7770-7783,798,90,104,27,505,745,106,922,108,0,48,63,1,3517
5888-5893,794,22,18,13,136,126,37,389,17,0,38,2,0,1592
7726-7735,543,47,30,13,628,189,44,981,168,0,122,9,0,2774
2885-2895,440,131,215,101,400,485,290,358,119,0,25,46,2,2612
2430-2434,272,57,103,55,160,257,162,209,68,0,6,34,0,1383
3382-3396,866,102,103,51,525,800,215,921,98,0,55,61,0,3797
3091-3091,13,2,2,1,7,7,4,36,4,0,3,3,0,82
7836-7847,370,36,14,26,488,626,64,1142,37,4,31,23,0,2861
722-731,613,163,109,65,352,451,310,239,103,0,21,37,1,2464
5897-5897,75,0,0,1,3,2,2,57,1,0,0,0,0,141
5185-5189,266,46,46,20,263,216,121,276,46,7,7,30,0,1344
2332-2340,470,70,234,91,320,423,248,401,170,0,23,46,2,2498
1-7,389,95,91,67,206,315,225,156,68,3,17,26,0,1658
1507-1518,592,76,312,94,452,442,365,516,199,1,36,49,2,3136
2068-2074,315,41,284,44,263,222,131,367,87,1,30,52,1,1838
3667-3678,622,139,128,92,440,665,304,429,104,1,29,52,0,3005
1562-1567,196,37,206,43,253,208,178,298,112,0,24,43,1,1599
6313-6322,660,36,18,19,347,399,79,930,53,0,37,23,0,2601
748-761,811,139,279,96,540,586,569,476,252,0,22,69,3,3842
5258-5265,700,30,19,15,196,186,48,638,52,0,36,26,0,1946
2553-2558,274,36,168,45,216,209,188,322,104,0,22,42,1,1627
7367-7377,549,127,45,34,467,266,140,1195,66,8,40,32,7,2976
4796-4796,16,0,0,0,4,0,0,38,0,0,1,1,0,60
1025-1031,362,63,117,55,230,256,243,317,120,0,15,37,5,1820
5992-5992,6,1,0,0,7,3,0,36,0,0,3,0,0,56
3892-3894,289,11,11,10,75,50,19,272,11,11,9,28,0,796
7312-7315,140,29,45,17,75,123,44,154,22,4,4,26,2,685
5292-5300,724,47,28,7,169,187,47,1068,29,0,43,18,0,2367
3495-3502,468,44,166,34,237,258,221,310,74,0,24,61,0,1897
6767-6767,14,0,0,1,1,11,0,32,1,0,4,0,0,64
3515-3517,74,7,33,5,38,30,48,165,11,0,5,3,0,419
6779-6781,289,4,6,2,92,44,4,326,8,0,7,8,0,790
5896-5896,146,3,2,0,7,10,1,85,0,0,2,4,0,260
4892-4899,403,64,59,28,390,289,166,563,57,1,17,60,0,2097
7222-7226,208,39,60,42,236,187,101,327,56,0,17,33,0,1306
5039-5050,712,167,110,58,416,625,234,530,111,0,29,49,2,3043
5410-5413,437,14,6,4,44,102,8,214,12,0,28,5,0,874
3410-3422,646,79,93,53,541,697,166,830,86,1,44,77,0,3313
2435-2435,36,4,8,4,12,20,11,27,4,0,1,1,0,128
7596-7608,788,326,71,59,606,464,210,871,88,0,39,65,0,3587
6693-6703,603,29,12,15,166,187,41,1832,31,0,32,31,0,2979
4304-4304,58,0,0,0,9,1,1,183,2,0,0,0,0,254
6920-6921,108,5,4,4,26,21,6,282,3,0,5,2,0,466
6244-6253,825,78,61,19,247,301,73,727,65,0,25,53,0,2474
1671-1675,241,42,88,44,197,202,187,157,90,0,2,18,0,1268
7888-7900,1276,33,62,15,929,296,49,640,33,0,26,40,0,3399
5960-5960,61,1,3,3,2,14,2,72,4,0,0,1,0,163
4605-4611,422,39,10,3,84,147,26,730,42,0,37,0,0,1540
4641-4641,11,1,1,0,4,7,0,69,0,0,5,0,0,98
3939-3944,608,14,4,7,107,129,18,763,6,0,17,4,0,1677
7855-7859,176,19,4,4,654,101,12,285,3,0,15,3,0,1276
3841-3841,138,1,1,17,0,17,1,1,2,0,1,0,0,179
6544-6546,200,7,3,5,137,37,15,338,11,7,17,0,0,777
3859-3864,223,44,25,25,556,70,140,283,40,0,14,35,0,1455
7245-7246,105,24,19,10,53,77,51,162,14,0,3,9,0,527
1298-1298,45,6,31,14,37,38,29,33,12,0,6,15,0,266
1231-1236,345,53,84,49,174,204,194,158,77,1,10,23,0,1372
6393-6393,9,1,5,1,3,1,0,21,1,0,0,0,0,42
4798-4798,7,2,0,0,14,0,0,75,0,4,2,0,4,108
7305-7311,353,61,111,43,228,357,140,395,76,1,20,41,2,1828
6186-6186,9,0,0,0,1,0,1,6,0,0,1,0,0,18
6331-6334,359,10,2,3,69,61,10,448,9,0,9,2,0,982
3875-3882,722,15,30,28,232,144,40,742,35,1,36,34,1,2060
6335-6335,3,1,1,1,1,22,1,34,0,0,2,1,0,67
3687-3715,1674,350,349,266,1102,1707,795,1063,262,7,81,125,4,7785
3219-3219,7,0,1,28,1,2,3,58,0,0,0,0,0,100
1279-1289,429,71,344,95,492,447,334,449,164,0,36,82,0,2943
553-553,40,5,22,1,28,31,13,54,9,0,4,3,0,210
6076-6076,6,1,0,0,0,0,0,24,0,0,1,0,0,32
523-526,154,18,138,28,186,162,109,229,56,0,10,15,0,1105
6041-6045,274,21,23,12,154,135,46,432,19,0,13,23,0,1152
3726-3729,269,36,51,29,157,244,95,157,50,2,6,10,1,1107
1313-1322,522,86,215,151,390,442,333,361,178,2,21,51,0,2752
3231-3238,310,53,112,38,250,387,148,730,74,4,24,38,0,2168
608-612,146,34,108,46,153,140,68,495,64,0,28,28,1,1311
4017-4024,597,33,21,14,423,233,47,590,48,0,52,19,0,2077
855-865,614,99,235,126,341,386,314,595,120,1,33,36,3,2903
6370-6370,5,0,0,0,2,1,0,6,0,0,1,0,0,15
2489-2499,557,134,251,97,313,528,369,441,186,65,33,62,0,3036
4247-4250,232,35,8,26,354,185,40,153,22,7,9,20,0,1091
6299-6304,372,23,11,18,160,214,42,453,23,1,15,14,0,1346
2617-2622,291,38,206,30,241,234,155,265,111,0,29,39,0,1639
4027-4027,11,7,0,1,12,7,1,14,3,0,0,2,0,58
2469-2477,423,84,221,57,284,346,294,352,114,0,26,38,6,2245
5707-5718,584,94,43,35,322,398,88,1080,99,0,62,62,0,2867
3866-3873,669,3,11,4,513,30,10,313,19,1,27,14,1,1615
5470-5472,92,11,7,13,141,123,32,317,42,0,9,8,0,795
6949-6957,361,63,23,38,227,297,102,1057,57,3,28,60,1,2317
4239-4246,399,53,23,48,763,339,75,346,59,0,21,39,0,2165
3292-3299,352,79,97,45,248,375,190,742,78,0,13,33,0,2252
6019-6024,357,19,41,9,151,84,37,785,24,0,31,13,0,1551
148-156,491,123,77,72,254,417,198,214,76,0,14,17,0,1953
3119-3119,6,0,1,0,2,0,0,22,2,0,0,0,0,33
1861-1870,455,52,297,110,379,361,217,540,181,0,36,65,0,2693
6375-6382,514,25,67,30,363,283,98,561,75,0,31,42,0,2089
5969-5980,1407,31,24,22,169,184,47,1488,25,0,15,39,1,3452
4785-4787,131,6,4,4,42,11,12,343,10,0,6,7,1,577
1290-1297,264,47,199,86,305,285,212,292,107,1,23,75,11,1907
2585-2592,365,73,172,55,322,361,258,370,144,0,25,43,0,2188
7477-7488,768,84,62,32,396,542,163,872,78,0,39,69,0,3105
873-880,478,83,159,67,240,319,264,301,88,0,26,45,0,2070
1629-1635,337,74,137,85,214,295,246,221,130,0,14,33,0,1786
5898-5898,56,0,0,0,4,3,5,20,0,0,0,0,0,88
2157-2166,435,71,287,78,394,319,313,497,175,7,30,83,0,2689
7629-7630,122,4,4,1,61,11,6,105,3,0,2,0,0,319
3846-3848,277,3,11,6,69,11,7,219,9,0,20,7,1,640
4064-4075,638,93,25,64,1155,464,137,511,62,1,35,45,1,3231
3039-3045,295,93,246,49,278,297,198,320,112,0,26,74,2,1990
5982-5984,446,8,2,2,25,62,9,200,14,0,8,3,0,779
7712-7713,49,4,2,2,250,23,3,47,8,0,8,5,0,401
1969-1980,595,149,207,106,436,487,482,393,201,0,27,63,1,3147
3001-3013,875,239,136,136,412,707,376,312,123,0,18,36,7,3377
2827-2832,341,86,106,62,236,287,191,167,86,2,13,33,1,1611
7981-7981,41,0,0,0,22,22,0,52,2,0,1,2,0,142
4753-4757,185,15,11,18,192,350,31,503,23,0,12,20,0,1360
3486-3494,520,48,190,33,286,275,207,364,72,0,45,58,1,2099
79-89,618,144,131,130,418,451,423,254,142,0,15,40,1,2767
6243-6243,99,2,6,0,14,19,3,76,2,0,0,3,0,224
3140-3146,351,73,21,18,273,320,88,532,41,0,24,39,0,1780
2060-2067,373,36,255,52,253,299,185,488,104,9,29,52,1,2136
6773-6778,406,25,20,8,91,133,37,774,25,0,37,7,0,1563
5590-5600,298,86,45,26,386,287,83,1448,91,8,42,93,18,2911
7443-7448,491,32,17,18,317,166,37,406,36,0,81,6,0,1607
3189-3194,298,39,23,16,448,135,66,455,26,0,17,31,0,1554
2019-2025,497,128,39,57,76,844,46,178,34,0,11,3,0,1913
7033-7042,397,61,24,38,259,320,96,996,69,0,14,39,0,2313
2407-2417,633,111,265,84,304,512,385,434,170,1,29,77,2,3007
478-490,597,126,237,97,425,449,462,396,161,0,38,55,3,3046
6769-6772,294,22,8,7,59,86,21,540,14,0,20,5,0,1076
1100-1116,940,209,246,149,611,741,652,544,275,0,31,58,2,4458
3223-3230,404,69,51,35,289,449,167,564,36,0,30,35,1,2130
2510-2511,102,17,56,17,64,88,57,89,30,0,3,13,0,536
6093-6095,149,16,9,2,87,76,14,316,16,0,3,8,0,696
7708-7709,100,0,3,0,45,8,2,152,2,0,4,1,0,317
2610-2616,344,47,245,53,279,250,170,334,114,0,39,37,0,1912
2180-2187,370,48,231,64,303,336,231,345,128,0,21,64,0,2141
3353-3360,600,60,84,37,237,315,100,350,61,0,28,23,0,1895
3895-3896,88,3,5,2,60,9,6,272,5,0,8,0,0,458
6486-6500,655,41,45,36,1436,236,146,1304,63,0,37,56,1,4056
3898-3902,414,9,43,7,157,72,39,450,33,0,16,13,0,1253
4793-4793,4,0,0,0,8,0,0,41,1,0,2,1,0,57
4624-4630,631,19,8,4,193,212,21,550,18,0,28,0,0,1684
6071-6075,539,23,19,7,62,88,16,442,19,0,33,5,1,1254
6359-6367,523,16,8,8,102,187,35,1415,43,0,31,23,0,2391
3758-3758,3,0,1,0,3,0,0,26,1,0,1,1,0,36
4299-4299,2,0,0,0,1,0,1,8,0,0,0,0,0,12
1201-1208,376,40,262,78,329,294,244,446,142,20,25,64,1,2321
6936-6948,447,74,25,52,318,396,128,1422,102,0,42,74,0,3080
5858-5859,83,9,3,5,83,73,5,135,7,0,12,3,0,418
4795-4795,35,0,0,0,17,1,2,101,1,0,3,4,0,164
7901-7906,587,20,34,7,499,114,26,305,20,0,23,0,5,1640
7321-7323,198,26,14,9,50,93,51,279,26,0,10,13,0,769
2367-2376,540,109,177,73,294,444,291,380,138,0,18,45,0,2509
6971-6979,259,55,18,20,202,238,94,828,63,0,19,49,1,1846
7052-7057,235,36,10,14,165,190,80,748,47,0,13,29,0,1567
5863-5863,109,1,3,1,6,7,0,50,4,0,2,0,0,183
1276-1278,141,22,104,31,105,109,121,139,52,0,11,23,0,858
6032-6033,304,10,5,3,21,52,9,130,8,0,12,0,0,554
3118-3118,49,3,4,1,6,3,5,75,1,0,4,9,0,160
1466-1470,310,51,99,50,172,221,181,211,70,0,11,17,0,1393
4654-4655,69,3,4,1,82,53,3,315,6,0,4,6,0,546
5474-5474,31,3,1,0,8,25,0,39,4,0,0,0,0,111
4642-4653,765,24,20,16,318,261,71,1447,64,0,72,5,0,3063
1815-1821,297,54,159,62,220,275,194,201,120,0,12,35,0,1629
2723-2731,525,74,185,64,264,387,346,349,142,0,14,53,0,2403
1323-1335,660,101,244,201,486,573,481,470,214,1,19,73,0,3523
5243-5250,500,59,65,21,234,241,122,680,88,1,22,54,1,2088
7609-7614,342,138,39,27,299,232,91,415,40,0,24,21,0,1668
1192-1200,404,111,163,100,320,346,295,311,136,0,29,50,2,2267
4954-4956,195,28,13,10,110,92,58,186,15,0,5,27,0,739
2026-2031,446,107,39,70,99,530,80,228,47,0,11,7,0,1664
5923-5923,43,0,1,0,17,3,0,64,1,0,1,1,0,131
7007-7015,377,61,26,35,275,303,98,1014,64,0,30,48,0,2331
3461-3461,89,3,1,3,20,32,7,50,4,0,3,6,0,218
6168-6177,818,54,41,17,265,340,52,908,47,0,44,39,0,2625
1150-1163,647,128,307,166,528,581,396,506,172,2,34,77,0,3544
7455-7456,138,9,2,9,50,57,8,190,11,0,2,5,0,481
4300-4300,30,0,1,1,6,3,0,34,3,0,0,0,0,78
4782-4784,103,3,4,4,24,58,4,196,5,0,13,0,0,414
20-36,991,231,205,150,526,708,465,490,183,1,31,46,4,4031
1987-1994,301,56,228,37,389,304,189,311,182,0,20,46,0,2063
2811-2818,450,116,130,93,305,362,270,238,112,1,18,33,2,2130
2319-2322,168,46,104,30,135,140,154,204,67,0,12,36,0,1096
2872-2879,356,90,209,73,302,346,309,326,156,0,20,55,0,2242
7911-7916,379,30,13,21,548,111,31,262,27,0,41,24,0,1487
3854-3854,33,0,0,0,15,1,0,32,0,0,0,1,0,82
7639-7643,234,8,6,6,567,86,14,341,10,0,20,3,0,1295
3897-3897,16,2,3,1,9,22,3,135,3,0,2,0,0,196
2846-2855,741,194,65,122,239,724,210,211,78,0,15,18,0,2617
1727-1733,410,70,126,71,245,320,262,263,105,4,4,21,0,1901
4822-4822,15,1,0,4,11,3,1,51,0,0,0,1,0,87
6187-6192,519,41,42,20,211,168,85,480,38,0,19,50,0,1673
2203-2210,314,38,210,57,271,238,241,340,76,18,17,42,0,1862
7150-7159,525,67,89,48,358,361,233,836,85,1,29,65,0,2697
3082-3084,190,60,30,46,123,176,81,78,31,0,11,15,1,842
1117-1123,335,81,138,68,240,285,253,267,110,0,17,40,0,1834
7316-7318,115,26,62,23,119,110,57,181,23,1,8,10,0,735
6004-6011,529,9,16,3,125,53,20,702,27,0,61,25,0,1570
7464-7476,874,82,61,31,441,678,171,899,78,0,40,71,0,3426
7738-7758,1314,164,121,46,794,1174,162,1401,157,0,57,81,2,5473
4226-4238,629,106,37,50,1103,544,132,515,65,0,29,65,0,3275
2383-2392,511,101,244,91,328,443,309,391,176,0,38,64,0,2696
5573-5589,441,52,63,39,505,389,127,2146,118,1,84,111,0,4076
5453-5453,1,0,1,0,5,6,0,13,3,0,0,0,0,29
2300-2312,527,82,298,89,430,472,325,558,143,0,33,91,3,3051
3519-3528,422,92,82,50,334,772,322,365,88,0,29,55,3,2614
2896-2905,516,138,198,92,368,505,290,380,107,0,33,48,2,2677
721-721,1,1,3,0,2,1,0,1,0,0,0,0,0,9
5824-5832,727,35,18,21,226,264,37,908,56,0,31,36,0,2359
7430-7435,379,42,28,14,241,255,37,528,33,0,13,27,0,1597
5389-5391,119,18,12,7,89,87,46,351,33,0,15,31,0,808
4562-4562,19,0,0,0,29,0,2,83,3,0,3,0,0,139
6731-6731,24,2,0,0,8,14,3,56,3,0,1,0,0,111
3112-3114,268,9,6,8,28,33,11,313,8,0,9,12,0,705
3207-3218,464,66,33,25,831,256,116,740,42,0,33,36,0,2642
3162-3168,251,28,34,16,235,161,63,555,28,0,16,36,1,1424
2931-2934,139,50,79,33,103,148,121,183,96,0,11,20,0,983
4758-4765,500,36,13,19,345,133,34,1063,15,0,29,24,0,2211
6374-6374,10,0,1,0,2,2,0,19,2,0,1,1,0,38
2323-2331,515,79,224,86,302,399,276,431,128,0,27,47,28,2542
5022-5038,815,174,162,69,547,816,270,771,133,3,37,103,2,3902
5195-5195,38,3,5,4,22,41,9,34,8,0,1,2,0,167
8-19,677,176,130,108,386,522,338,325,101,0,23,34,1,2821
1265-1269,173,24,141,20,266,159,117,254,95,0,18,24,0,1291
4347-4355,954,35,56,17,261,124,60,913,22,0,45,33,1,2521
5860-5861,218,3,4,1,85,21,1,69,5,0,3,3,0,413
3102-3111,383,63,76,28,425,233,155,1133,77,0,29,59,0,2661
1636-1646,532,107,207,88,400,462,351,329,227,0,30,51,3,2787
1587-1591,161,42,186,28,200,187,142,240,94,0,16,48,13,1357
2167-2179,619,99,376,100,520,465,378,571,187,0,48,86,0,3449
7553-7558,315,153,43,18,291,196,100,409,34,0,19,42,0,1620
4665-4671,281,24,10,9,805,102,35,626,21,0,13,11,1,1938
3976-3983,638,14,7,3,228,238,20,633,14,0,32,16,0,1843
5995-5996,44,4,2,0,29,5,4,120,12,0,8,3,0,231
402-413,653,130,283,111,444,519,417,429,218,0,27,69,2,3302
7658-7666,714,16,30,24,887,158,27,685,32,2,20,44,0,2639
4773-4773,25,2,4,2,29,11,8,191,0,0,8,0,0,280
6576-6578,70,8,4,4,127,29,20,288,26,7,9,14,0,606
3117-3117,66,0,2,0,0,1,5,53,1,0,4,0,0,132
7094-7095,88,5,1,3,20,33,10,306,14,0,7,8,0,495
2255-2264,521,112,247,103,391,377,357,400,145,0,18,54,2,2727
5428-5434,287,25,13,14,133,207,29,778,37,7,19,36,0,1585
2035-2046,514,70,249,102,337,413,260,462,166,0,20,63,1,2657
3849-3850,173,2,5,0,75,12,4,193,7,0,10,5,0,486
6749-6756,524,20,9,15,125,254,37,1012,27,0,32,22,0,2077
2745-2747,52,10,138,13,128,73,33,222,29,0,18,19,0,735
4579-4585,444,34,40,9,305,273,46,640,37,14,62,8,2,1914
7716-7721,450,8,19,1,84,43,17,787,18,0,14,4,0,1445
5196-5201,325,42,48,28,208,218,110,402,41,1,5,37,0,1465
5445-5445,15,2,0,0,1,2,2,21,1,2,1,1,0,48
1087-1099,777,188,196,118,390,548,475,413,164,0,30,68,4,3371
6704-6708,271,11,4,3,81,66,19,846,32,0,17,12,1,1363
187-193,463,75,148,78,235,280,255,229,99,0,18,34,0,1914
4570-4574,415,17,7,5,92,110,17,611,13,0,36,0,0,1323
2313-2318,316,49,154,47,230,226,187,298,97,0,13,41,0,1658
1248-1248,57,16,13,10,42,27,57,43,13,0,1,4,0,283
1849-1860,486,84,295,109,388,464,220,571,241,1,36,69,4,2968
4772-4772,70,4,1,1,37,14,3,144,0,0,5,0,0,279
6667-6672,398,31,18,8,117,96,29,770,11,0,43,0,0,1521
4507-4507,31,3,1,1,4,11,1,22,2,0,2,0,0,78
7254-7255,0,0,0,0,0,0,0,0,0,0,2,1,1,4
4503-4506,210,5,10,6,172,64,19,524,21,0,41,2,0,1074
1471-1481,436,80,313,102,384,435,348,359,188,1,24,64,4,2738
3598-3606,463,77,100,55,408,509,242,334,107,0,26,58,0,2379
3843-3844,99,0,1,1,26,13,6,224,3,0,6,2,0,381
4683-4683,9,0,0,0,2,0,0,12,0,0,0,0,0,23
3745-3755,446,98,197,61,426,509,334,557,153,1,45,84,1,2912
4054-4063,464,158,27,39,991,445,111,386,56,0,34,40,0,2751
5333-5343,462,67,41,37,393,351,131,1187,135,0,44,74,0,2922
2766-2779,448,102,368,89,723,430,242,702,203,0,61,90,0,3458
4806-4808,58,1,4,3,129,12,4,371,8,0,13,7,0,610
6629-6642,997,93,76,68,356,475,99,1490,71,0,52,66,0,3843
7227-7230,176,23,34,21,193,141,84,286,37,0,4,25,0,1024
3317-3326,814,72,68,39,303,482,154,681,74,12,28,49,0,2776
6126-6134,695,56,38,23,390,244,91,567,42,0,32,35,2,2215
414-419,193,23,127,39,281,151,131,229,74,0,13,32,0,1293
3842-3842,13,0,0,0,17,0,0,33,0,0,0,0,0,63
5267-5275,697,30,20,13,142,275,33,1006,23,0,48,23,0,2310
6236-6242,624,25,19,11,106,171,31,540,39,0,30,4,0,1600
6709-6713,167,18,12,9,105,85,30,779,21,0,40,0,2,1268
3435-3449,714,89,113,46,561,660,177,791,106,0,49,65,0,3371
2780-2791,447,79,345,91,625,429,286,583,183,0,56,90,0,3214
3560-3566,297,62,57,46,229,553,216,252,41,0,19,38,2,1812
7541-7552,715,317,71,45,553,384,194,786,67,8,53,58,3,3254
2638-2649,578,119,303,89,414,466,320,549,205,0,35,74,0,3152
7414-7422,685,61,31,14,195,408,87,803,31,0,41,57,2,2415
5182-5184,136,29,21,10,115,103,44,237,14,0,6,18,0,733
1164-1181,849,197,361,165,695,684,562,624,245,5,34,109,0,4530
2650-2657,400,86,198,56,333,317,222,355,112,0,20,64,0,2163
6432-6432,59,1,10,1,13,9,2,134,3,7,3,4,0,246
1930-1935,180,32,171,32,237,152,108,229,91,0,24,34,0,1290
6026-6031,814,37,21,14,142,136,28,472,9,0,27,0,0,1700
5938-5938,54,1,1,1,12,12,2,107,3,0,3,0,0,196
6904-6910,516,17,6,7,51,110,20,836,23,0,19,21,0,1626
5719-5728,437,65,28,27,264,318,72,904,125,0,23,54,0,2317
3584-3587,134,36,36,18,168,302,103,210,29,0,7,18,0,1061
292-296,193,31,111,27,260,122,96,219,52,0,15,49,1,1176
804-812,449,60,198,63,270,393,238,322,106,0,19,29,0,2147
2341-2347,363,48,175,56,234,310,234,315,105,0,24,24,0,1888
7256-7260,259,14,103,56,195,127,82,238,51,0,16,28,0,1169
5251-5257,420,40,43,17,185,187,93,723,66,0,20,54,0,1848
7237-7238,33,11,8,6,60,47,39,149,31,0,0,5,0,389
7967-7971,491,16,28,12,92,79,22,274,13,0,33,2,0,1062
1568-1576,311,58,282,64,371,282,215,490,206,0,33,66,1,2379
5417-5417,134,3,1,2,19,11,12,79,3,0,2,6,3,275
6621-6628,588,53,39,48,216,277,78,889,30,0,20,36,0,2274
5907-5914,595,37,77,23,244,316,115,500,48,0,20,50,0,2025
5202-5208,323,53,62,35,223,245,122,525,62,1,24,32,1,1708
1788-1798,479,105,271,91,350,366,369,379,196,5,22,79,1,2713
6459-6459,24,0,5,0,13,0,0,8,2,0,2,0,0,54
1551-1561,351,65,328,67,423,340,274,492,190,0,31,70,5,2636
5061-5081,1178,258,253,81,753,1109,421,977,221,4,51,111,2,5419
3307-3316,835,73,80,46,266,488,167,674,63,0,24,56,0,2772
3540-3548,333,67,88,45,311,546,283,303,45,0,14,67,0,2102
4034-4034,12,0,0,0,5,4,0,7,2,0,5,0,0,35
4363-4368,876,25,13,7,74,73,28,407,20,0,26,23,1,1573
6356-6357,106,2,2,2,35,54,5,104,8,0,8,5,0,331
7690-7696,391,16,21,14,349,108,64,688,51,0,25,29,0,1756
656-673,1068,214,283,122,718,789,597,554,238,0,44,83,0,4710
4076-4085,639,100,22,62,749,501,108,444,58,1,26,36,1,2747
4563-4569,633,22,6,9,148,173,16,792,19,0,32,0,0,1850
3470-3477,277,51,204,39,311,324,185,531,90,0,34,38,1,2085
6501-6513,601,32,41,33,1256,182,133,1070,50,0,41,44,1,3484
2231-2238,253,23,235,39,172,227,134,355,96,0,25,41,0,1600
3957-3957,16,2,0,0,3,1,0,31,0,0,1,0,0,54
2089-2105,892,196,295,160,454,697,522,542,201,0,46,72,2,4079
7848-7848,0,1,0,2,5,4,1,4,0,0,0,1,0,18
420-427,259,40,190,57,412,275,204,397,106,0,29,32,2,2003
3622-3632,460,106,158,56,465,629,310,478,115,11,29,71,1,2889
1384-1401,810,192,302,182,751,623,632,527,232,5,28,76,0,4360
935-947,714,114,296,119,435,511,412,507,172,1,43,91,2,3417
3959-3959,3,2,0,0,2,3,0,32,0,0,0,0,0,42
6305-6312,615,27,13,12,265,381,84,680,45,0,46,16,2,2186
4468-4475,514,21,35,23,309,405,59,789,28,0,20,48,0,2251
230-251,1407,314,318,230,698,1199,659,677,280,0,52,66,1,5901
1799-1805,321,64,169,68,247,298,252,305,117,0,25,36,0,1902
7784-7795,641,85,50,31,518,629,108,803,92,0,42,53,0,3052
3239-3256,717,167,238,102,589,835,342,1464,164,3,67,99,1,4788
4200-4211,533,86,23,61,1042,506,108,443,69,1,41,52,2,2967
5894-5894,34,1,0,0,6,5,1,7,2,0,0,0,0,56
6884-6898,854,64,29,21,378,505,107,1554,55,7,53,64,0,3691
762-775,681,156,296,115,494,498,547,440,222,0,35,75,3,3562
6757-6766,625,46,15,16,196,284,54,1276,37,0,43,25,0,2617
4592-4599,519,46,39,10,430,294,44,677,27,0,57,5,0,2148
5235-5236,114,23,23,8,92,87,33,122,15,2,5,9,0,533
6595-6598,330,17,13,5,62,94,23,386,17,0,20,7,0,974
326-331,219,46,108,38,194,230,191,196,84,0,19,27,0,1352
4532-4536,254,13,2,38,143,131,19,672,17,0,10,1,0,1300
7917-7921,295,21,4,7,354,164,22,408,26,0,8,17,0,1326
7812-7822,679,93,81,16,444,565,85,713,86,7,39,37,0,2845
5305-5309,516,7,3,2,104,45,6,649,9,0,25,3,0,1369
4537-4545,638,18,11,9,133,333,25,764,29,0,31,28,0,2019
6991-7006,607,88,44,45,461,455,183,1774,114,10,43,86,2,3912
5356-5368,456,56,29,19,436,286,98,1234,131,0,30,85,1,2861
3910-3912,118,2,5,1,97,57,4,182,8,0,14,3,0,491
6899-6903,309,27,12,8,131,187,29,561,19,0,12,17,0,1312
6034-6035,110,1,3,3,16,20,0,101,2,0,3,4,0,263
5925-5931,665,7,10,6,303,80,15,586,19,0,18,11,1,1721
5051-5060,543,123,95,43,383,542,223,488,99,0,17,39,0,2595
4375-4377,285,6,6,1,31,21,10,119,6,0,1,0,0,486
4840-4843,288,42,34,22,117,131,91,188,39,0,12,24,0,988
4636-4640,302,28,10,8,195,111,30,637,10,0,33,6,0,1370
989-994,395,83,53,68,189,312,203,193,63,0,8,16,4,1587
3220-3220,13,0,1,2,36,15,0,29,0,1,0,1,0,98
7922-7929,467,17,7,6,569,275,27,680,28,0,39,26,0,2141
4600-4604,315,22,26,6,273,159,29,434,25,0,58,0,0,1347
6768-6768,19,0,0,0,7,20,0,29,1,0,1,0,0,77
4407-4415,714,46,26,11,389,304,89,718,27,0,35,44,0,2403
7319-7320,149,2,7,2,7,36,10,189,0,0,1,0,0,403
6221-6230,903,63,93,32,366,287,161,767,39,0,59,49,0,2819
4379-4384,296,11,5,24,543,127,33,526,21,0,31,20,0,1637
5478-5486,1071,17,24,14,305,333,43,505,52,0,55,26,0,2445
1410-1418,525,100,165,140,347,395,387,297,135,0,19,33,0,2543
4586-4591,388,32,33,11,275,220,43,536,26,0,42,12,0,1618
3865-3865,19,0,3,1,22,6,0,36,3,8,0,2,0,100
3462-3469,317,55,200,31,318,309,179,561,63,8,20,43,0,2104
2819-2826,463,125,144,71,302,405,263,235,114,0,15,36,0,2173
2721-2722,55,11,23,4,16,43,20,30,7,11,1,11,0,232
3804-3819,958,47,107,34,920,299,93,1095,62,0,48,93,0,3756
5862-5862,47,0,0,0,4,20,3,85,0,0,0,1,0,160
5657-5669,636,80,28,38,353,429,100,1181,145,0,35,65,0,3090
7715-7715,0,0,0,0,0,0,0,15,0,0,0,0,0,15
4297-4298,144,0,1,0,17,6,2,178,2,0,4,6,1,361
6853-6853,12,2,1,1,4,19,2,41,2,2,0,2,0,88
3762-3777,918,41,101,19,924,319,109,1112,75,0,64,73,6,3761
4416-4422,484,41,22,11,303,224,42,594,46,0,42,26,0,1835
275-279,233,37,139,95,163,199,147,229,55,0,15,24,1,1337
7697-7702,334,11,6,6,266,89,53,651,25,0,24,40,4,1509
3993-3996,496,23,7,1,181,89,21,160,12,0,34,4,1,1029
2418-2429,657,122,298,132,381,555,407,448,190,1,28,84,0,3303
5180-5181,31,9,6,7,43,28,33,109,14,0,3,1,0,284
6817-6822,290,30,23,15,182,133,44,518,29,0,34,17,0,1315
6184-6185,102,2,12,2,16,29,5,159,7,0,8,2,0,344
3090-3090,1,1,0,0,4,1,0,6,1,0,1,0,0,15
6003-6003,63,1,2,0,25,19,5,114,1,0,0,0,0,230
1676-1684,462,65,120,99,260,392,232,374,141,0,16,40,0,2201
1519-1524,212,32,200,47,265,173,165,307,132,0,36,35,1,1605
5743-5754,533,91,33,45,333,412,96,1322,125,0,37,79,3,3109
4514-4520,403,33,23,22,425,223,47,617,24,0,33,10,0,1860
6355-6355,27,0,3,0,6,5,0,35,0,0,0,2,0,78
6469-6477,347,25,40,12,874,152,84,818,34,1,28,38,0,2453
7524-7540,937,397,113,52,744,570,256,1042,94,0,41,72,2,4320
2211-2218,354,51,191,63,286,251,252,260,117,0,27,32,1,1885
1656-1670,732,148,297,112,510,579,544,478,235,0,32,63,2,3732
2512-2535,1109,167,752,174,836,963,691,1153,428,39,56,181,14,6563
6267-6279,1216,90,80,33,393,444,118,1063,55,0,48,70,0,3610
7261-7261,10,0,0,1,0,1,0,5,1,0,0,0,0,18
7339-7341,172,17,43,8,89,138,52,235,28,0,7,10,0,799
2121-2130,587,102,180,106,318,395,335,371,104,0,18,36,1,2553
6467-6468,20,3,2,3,31,7,10,220,1,0,3,7,0,307
6371-6373,256,9,12,6,87,94,11,194,13,0,4,9,0,695
7703-7703,3,0,0,0,0,0,0,2,0,0,0,0,0,5
7391-7392,135,8,2,2,90,41,6,190,10,0,4,4,0,492
6428-6429,86,9,3,2,50,23,25,125,3,0,4,14,0,344
4799-4804,315,11,18,6,125,66,24,874,18,0,17,20,0,1494
3760-3760,45,2,1,2,24,1,3,61,4,0,9,1,0,153
6922-6925,328,8,6,4,46,69,23,483,6,0,11,9,0,993
5941-5947,816,24,39,34,136,162,41,616,33,0,21,22,4,1948
4356-4358,321,17,16,12,92,47,22,289,10,0,15,14,0,855
7956-7960,364,21,11,6,126,181,28,528,28,0,26,3,0,1322
6351-6354,230,1,5,2,73,89,11,467,14,0,16,0,0,908
4575-4578,144,3,4,5,388,46,11,264,9,0,7,8,0,889
3567-3572,181,39,51,18,143,433,121,295,33,0,17,20,0,1351
7331-7338,375,59,95,37,232,323,108,555,54,7,21,19,0,1885
6066-6070,428,47,33,15,122,158,54,442,20,0,15,19,2,1355
1525-1532,304,57,261,54,322,270,236,395,157,48,35,49,1,2189
5812-5823,513,84,29,35,345,362,103,1150,112,0,35,58,0,2826
7342-7343,198,2,1,0,7,4,3,173,2,0,9,0,0,399
262-274,853,174,199,146,412,666,396,423,164,0,22,66,0,3521
5529-5529,0,0,0,0,1,0,0,0,1,0,0,0,0,2
4779-4781,248,12,6,3,62,82,11,285,11,0,7,13,0,740
4361-4361,34,0,0,0,4,2,1,16,1,0,0,0,0,58
3761-3761,0,0,0,0,1,1,0,0,0,0,0,0,0,2
6796-6799,268,17,5,6,59,65,16,465,12,0,18,13,0,944
5846-5854,580,29,20,16,193,296,33,1159,39,0,52,27,0,2444
6656-6664,526,50,38,57,191,332,79,868,45,0,38,16,0,2240
6280-6288,617,45,18,14,327,440,45,803,41,0,30,24,10,2414
881-890,515,90,190,80,321,405,319,405,140,1,16,61,4,2547
3716-3725,549,101,128,69,331,535,243,340,63,0,25,36,2,2422
7644-7644,53,0,2,1,41,1,1,22,0,0,2,1,0,124
4142-4155,687,111,44,48,1249,508,107,540,69,0,45,67,0,3475
7384-7390,477,44,11,11,807,101,36,392,18,0,43,0,0,1940
5542-5550,231,35,31,27,277,236,77,1220,73,0,61,65,0,2333
4463-4463,8,1,0,0,0,4,0,41,0,0,1,0,0,55
511-517,355,76,135,61,247,243,257,236,106,0,15,49,0,1780
1981-1986,305,60,113,69,190,255,261,191,101,0,13,25,0,1583
5400-5409,714,63,224,19,295,233,64,831,32,0,82,17,0,2574
4612-4618,411,33,6,7,99,162,40,952,36,0,51,0,0,1797
4684-4691,609,30,7,8,120,99,33,1079,27,0,25,8,1,2046
847-852,326,55,170,49,236,238,188,216,75,0,6,34,1,1594
7092-7092,34,2,2,2,10,21,3,94,2,0,1,6,0,177
3945-3950,480,8,3,3,75,115,18,655,10,0,13,4,0,1384
3858-3858,10,0,1,0,4,1,1,2,0,0,0,0,0,19
6553-6553,2,0,0,0,2,0,0,11,0,0,0,1,0,16
4774-4778,410,7,7,7,84,136,13,512,19,0,18,13,0,1226
5560-5572,353,49,58,64,396,305,98,1809,102,10,60,94,0,3398
3607-3621,644,114,204,97,634,915,456,658,179,0,29,94,0,4024
3450-3460,622,74,70,33,380,527,161,540,72,0,32,51,0,2562
1595-1606,480,83,391,123,528,469,279,518,150,11,35,93,0,3160
5961-5968,939,19,22,9,148,127,28,967,16,0,18,18,0,2311
7016-7032,685,116,31,56,401,591,183,1880,125,0,44,71,0,4183
6514-6520,290,19,26,17,601,77,57,511,15,0,15,22,0,1650
2536-2542,264,48,175,39,213,257,176,262,134,0,11,62,0,1641
5285-5291,533,26,11,5,86,146,30,663,22,0,24,12,0,1558
4116-4141,1325,230,92,114,2390,1144,306,1043,175,0,89,117,1,7026
3092-3101,426,47,54,44,400,229,156,1072,83,0,21,66,0,2598
6843-6846,250,9,10,8,39,87,14,535,11,0,21,0,0,984
3874-3874,39,0,0,0,25,0,0,14,0,0,0,1,0,79
6417-6420,241,12,18,13,81,92,47,394,21,0,13,10,0,942
1533-1542,307,61,312,74,417,311,225,460,158,1,43,61,0,2430
7704-7707,127,2,7,1,38,10,4,463,9,0,12,1,0,674
6446-6458,887,25,28,17,631,125,44,1080,35,6,54,33,0,2965
6193-6200,743,48,56,34,301,276,99,579,43,0,47,53,0,2279
4852-4863,512,97,84,59,458,458,224,802,56,3,46,65,2,2866
3851-3853,166,1,6,2,97,6,6,169,2,0,4,3,0,462
6980-6990,448,74,20,44,337,330,136,1202,95,0,31,48,0,2765
5940-5940,40,0,0,0,5,4,0,35,2,0,0,2,0,88
4464-4467,168,11,4,5,182,112,6,395,9,0,20,5,0,917
4378-4378,29,0,1,1,4,0,1,22,1,0,2,0,0,61
7860-7863,151,12,8,3,407,55,12,460,16,0,13,12,0,1149
6097-6099,183,10,11,2,36,70,8,233,4,0,1,1,0,559
4631-4635,273,32,5,9,216,101,33,647,19,0,37,0,0,1372
7645-7645,14,0,1,0,28,0,0,19,0,0,0,1,0,63
5695-5706,609,82,30,40,357,394,104,1262,159,0,30,68,2,3137
4528-4531,212,10,5,18,114,113,20,500,16,0,11,0,0,1019
7656-7657,112,1,0,1,46,8,0,242,0,0,5,1,0,416
7825-7825,18,0,0,0,7,14,1,126,2,0,0,0,0,168
6587-6591,172,18,27,9,178,42,17,761,52,0,35,11,0,1322
4052-4052,2,0,0,0,0,2,0,3,0,0,0,0,0,7
4499-4500,74,4,4,2,243,28,4,139,5,0,2,5,0,510
5454-5455,72,9,7,0,40,21,4,154,7,0,3,2,0,319
6254-6266,1149,78,91,39,350,384,95,964,68,1,43,50,0,3312
5948-5954,749,23,33,15,146,176,45,638,26,0,17,20,0,1888
5414-5416,256,4,3,3,23,36,8,296,6,0,6,11,0,652
1499-1506,310,49,219,78,258,284,215,262,123,0,17,38,0,1853
3913-3924,890,38,13,21,512,267,49,1151,44,3,28,36,0,3052
3588-3588,13,0,1,0,5,1,0,24,1,0,0,0,0,45
2047-2054,392,56,220,64,270,338,239,342,122,67,28,51,0,2189
7133-7142,518,88,86,56,331,399,231,826,75,0,42,50,2,2704
2273-2279,374,70,195,62,267,270,269,265,108,0,11,31,1,1923
995-1004,633,143,140,89,324,546,323,287,109,0,12,37,0,2643
3115-3116,164,4,6,2,15,21,10,232,3,0,3,2,0,462
7263-7271,665,37,41,24,188,200,75,1055,42,62,56,9,0,2454
7682-7687,199,7,11,6,79,50,20,685,19,0,43,3,0,1122
6358-6358,37,0,0,0,2,4,0,50,1,0,2,1,0,97
1886-1894,522,139,139,78,289,467,328,297,163,0,14,31,0,2467
6529-6536,305,20,20,19,674,107,84,595,20,3,19,19,1,1886
643-655,512,68,374,79,388,472,293,727,202,21,46,74,1,3257
3503-3514,743,70,254,50,386,354,303,538,98,0,64,99,0,2959
5670-5686,799,119,40,45,425,535,134,1419,177,0,42,127,1,3863
7402-7408,533,56,23,25,142,284,57,656,20,0,36,26,2,1860
2627-2637,386,82,211,45,284,341,242,353,118,5,17,43,3,2130
3883-3886,388,9,13,7,104,51,21,373,9,10,18,12,0,1015
7966-7966,17,0,1,2,2,3,1,11,0,0,0,0,0,37
457-468,398,51,391,83,602,367,245,885,141,0,41,112,4,3320
6744-6745,161,4,1,3,42,47,18,257,3,5,6,6,0,553
2696-2702,286,46,184,43,283,274,187,374,82,0,12,33,0,1804
1914-1919,196,26,174,30,358,155,124,296,116,0,25,36,2,1538
5551-5559,257,32,23,29,268,238,59,1253,74,0,40,67,2,2342
4035-4036,238,10,5,1,48,53,17,118,17,0,8,5,0,520
2280-2289,479,99,242,134,309,332,322,322,122,0,19,64,0,2444
5019-5021,132,22,11,39,96,61,31,282,10,0,8,22,0,714
4156-4184,1433,255,76,136,2506,1245,305,1136,154,4,76,144,1,7471
1064-1072,574,117,139,69,285,478,276,272,145,0,15,50,0,2420
4789-4789,10,0,0,0,10,1,0,42,1,0,1,1,0,66
6725-6730,383,26,19,7,207,127,36,694,34,0,40,15,0,1588
7082-7091,407,73,23,29,248,347,129,1161,74,0,27,56,0,2574
1237-1247,688,148,206,120,380,489,411,368,138,0,20,43,0,3011
7681-7681,14,2,2,1,13,3,1,35,2,0,0,0,0,73
2013-2018,199,19,123,36,278,163,108,177,114,0,20,40,3,1280
7213-7220,486,53,75,36,263,278,176,609,77,0,16,39,1,2109
6572-6575,87,5,5,0,140,28,22,279,15,0,14,9,0,604
5444-5444,11,0,2,0,2,6,0,14,2,0,1,1,0,39
7945-7955,779,46,30,19,339,335,72,1171,42,3,56,14,0,2906
4788-4788,1,0,0,0,5,0,0,11,0,0,1,0,0,18
108-121,841,168,205,135,515,519,524,368,180,0,23,48,0,3526
6860-6873,877,77,17,26,356,469,94,1376,63,8,59,19,0,3441
7615-7621,547,46,21,17,221,221,56,664,22,0,18,12,0,1845
1308-1312,197,42,117,43,198,179,153,232,68,0,26,23,0,1278
2682-2695,658,122,367,95,482,569,365,665,169,0,29,92,2,3615
6046-6050,275,27,45,7,150,140,45,373,42,0,33,11,0,1148
3958-3958,71,0,0,0,2,15,2,135,2,0,2,4,0,233
6847-6852,354,24,11,2,136,167,23,565,16,0,9,19,0,1326
2748-2765,1203,430,179,242,579,1193,495,368,198,2,22,37,1,4949
3121-3125,424,24,22,5,67,103,38,612,14,0,23,23,0,1355
813-818,314,48,160,43,195,285,191,253,81,1,31,29,1,1632
4823-4828,291,63,60,24,245,287,142,350,47,0,14,40,0,1563
7169-7176,488,68,63,38,262,283,138,712,69,0,24,49,2,2196
1336-1342,324,54,152,137,288,255,249,233,128,0,19,37,0,1876
6874-6883,625,59,11,15,309,320,63,1127,54,0,43,43,0,2669
3529-3539,533,98,100,65,416,800,349,365,73,0,21,66,1,2887
7234-7236,95,19,43,7,135,85,63,213,43,0,12,17,0,732
2294-2299,289,48,162,58,236,261,195,289,106,0,18,37,0,1699
5895-5895,103,1,0,0,18,6,1,47,2,0,2,0,0,180
866-872,364,87,131,46,199,294,219,284,100,10,12,27,0,1773
4790-4790,40,0,3,0,52,4,1,111,2,0,1,3,0,217
3338-3345,618,72,59,26,247,443,107,468,64,0,26,48,1,2179
389-396,444,87,219,87,249,354,274,310,115,1,17,49,2,2208
5168-5175,428,93,98,30,312,409,155,324,84,0,28,46,0,2007
5800-5811,648,76,39,43,353,391,107,1183,153,0,35,75,0,3103
4944-4949,472,57,46,28,218,167,137,311,45,0,18,38,0,1537
7573-7582,472,229,73,29,462,307,148,589,70,0,33,56,0,2468
2265-2272,429,92,195,93,285,315,319,272,125,0,27,41,0,2193
7823-7824,56,1,0,1,247,6,1,59,1,0,1,0,0,373
5782-5791,459,75,35,34,321,338,102,1021,135,1,26,84,1,2632
7633-7636,589,9,4,4,40,39,10,203,7,0,22,18,0,945
1953-1968,932,218,288,155,528,676,581,497,236,2,27,70,3,4213
7231-7231,23,1,2,0,10,8,5,32,3,0,0,1,0,85
5729-5742,713,115,46,54,435,504,124,1392,174,1,31,84,0,3673
37-46,612,166,109,88,297,389,292,233,110,0,17,22,1,2336
6565-6568,205,8,15,3,148,79,37,546,21,0,18,11,0,1091
6554-6564,466,39,41,37,479,198,240,1281,57,0,34,60,0,2932
636-636,29,6,15,2,18,21,11,48,4,0,4,2,0,160
6100-6111,1091,75,54,32,565,352,133,891,43,0,54,38,0,3328
4766-4771,417,23,5,9,294,110,32,753,18,0,24,5,0,1690
7262-7262,19,0,1,0,1,5,1,19,2,0,3,0,0,51
2106-2112,407,82,120,81,217,319,210,233,102,0,13,20,0,1804
2965-2972,497,125,55,97,176,532,169,198,59,0,14,9,0,1931
2355-2366,632,129,221,94,373,536,351,446,174,2,18,78,3,3057
1871-1875,259,26,145,45,222,191,84,225,110,0,19,29,0,1355
6643-6655,860,70,71,66,296,436,89,1247,42,0,27,84,0,3288
3352-3352,38,1,0,0,6,10,1,163,1,0,3,0,0,223
4337-4346,992,48,43,28,283,160,65,988,36,0,45,46,0,2734
3679-3686,411,100,95,66,270,423,183,228,73,0,14,32,0,1895
551-552,32,5,38,4,47,32,29,127,19,1,5,2,0,341
364-376,655,141,326,115,406,564,492,499,219,7,33,65,4,3526
5993-5994,55,3,8,2,28,15,5,164,8,0,11,0,0,299
4733-4744,414,49,22,25,416,846,75,1115,46,0,52,37,0,3097
1142-1149,463,123,110,71,261,378,257,226,95,0,12,21,0,2017
4000-4002,418,12,6,5,85,58,15,151,8,0,11,1,0,770
7672-7678,525,24,21,13,720,127,31,553,26,1,12,24,1,2078
1734-1738,269,68,80,57,188,236,156,176,85,0,7,23,0,1345
6084-6092,1011,31,24,14,148,154,45,917,19,0,25,54,0,2442
6148-6153,377,53,54,19,178,191,99,583,59,0,24,39,0,1676
4028-4029,145,4,0,2,181,35,5,48,6,0,19,0,0,445
3046-3049,139,30,144,36,155,149,120,192,66,0,15,45,0,1091
7961-7965,371,35,21,7,151,163,33,509,23,0,34,0,0,1347
6783-6787,402,11,6,9,51,65,13,670,7,1,8,3,0,1246
2669-2681,523,81,265,88,375,476,279,516,184,0,30,73,3,2893
3549-3559,480,93,115,63,409,785,332,364,75,0,27,82,1,2826
4794-4794,37,1,0,1,8,6,2,122,1,0,2,7,0,187
4269-4281,520,101,41,25,1452,350,91,881,63,1,42,49,0,3616
3857-3857,10,0,0,0,10,0,0,6,1,3,2,1,0,33
297-302,104,23,140,15,201,115,59,417,44,0,20,14,0,1152
6368-6369,110,6,2,1,20,55,7,259,12,0,3,4,0,479
5190-5194,252,50,44,33,281,193,139,264,44,0,7,50,0,1357
698-709,652,155,215,82,497,484,433,368,173,0,29,42,3,3133
7232-7232,19,1,0,2,11,17,3,45,3,0,0,0,0,101
3887-3891,504,17,14,15,135,73,30,393,17,0,26,22,1,1247
6854-6859,375,19,16,9,132,75,47,857,14,0,4,15,0,1563
5601-5601,20,0,1,0,13,7,1,11,3,0,0,1,0,57
4791-4791,6,0,3,0,17,0,0,84,1,0,0,0,0,111
2248-2254,339,56,178,85,246,304,253,297,115,1,14,49,0,1937
4656-4664,335,31,12,115,994,134,36,783,22,0,17,19,1,2499
3518-3518,81,3,2,2,22,23,4,74,5,0,4,0,0,220
343-348,163,32,203,39,267,251,174,307,86,0,24,67,0,1613
7058-7068,414,61,26,38,280,353,99,1161,62,0,21,28,0,2543
7977-7980,232,17,9,12,338,84,20,308,12,0,10,8,0,1050
3988-3992,624,46,12,11,192,114,29,229,10,0,35,12,0,1314
2485-2488,137,12,54,16,114,107,66,174,33,0,10,21,0,744
7849-7852,317,18,5,6,72,71,10,432,15,0,11,3,0,960
6926-6930,439,15,8,7,63,94,20,535,10,0,13,18,0,1222
3759-3759,13,0,0,0,24,0,0,54,3,0,1,1,0,96
4441-4452,662,75,64,84,420,601,102,1028,73,0,60,94,0,3263
2922-2930,427,99,236,63,336,406,259,425,106,2,24,43,0,2426
7143-7149,330,54,59,40,213,210,156,486,45,0,10,50,0,1653
6077-6083,793,22,26,20,130,122,38,702,22,0,17,43,0,1935
6036-6040,414,21,12,22,110,109,16,580,22,0,32,0,0,1338
2196-2202,309,71,202,55,259,242,227,308,109,0,15,45,1,1843
5266-5266,46,5,3,0,10,19,1,111,2,0,0,2,0,199
5997-5998,93,1,15,5,40,8,5,282,9,0,24,0,0,482
2007-2012,260,42,186,40,276,237,119,249,103,0,14,43,1,1570
3155-3158,407,17,11,4,52,50,20,240,9,0,10,13,0,833
157-172,935,225,141,167,544,756,421,377,130,0,18,39,0,3753
6424-6424,25,3,6,1,4,6,7,49,6,0,5,2,1,115
6521-6528,353,21,22,12,829,147,66,655,20,0,25,24,0,2174
3195-3206,545,85,46,28,909,318,156,912,43,10,35,49,1,3137
3833-3834,69,4,3,1,51,5,1,46,4,0,2,5,0,191
527-534,253,36,220,49,291,277,176,441,94,11,34,61,1,1944
787-793,382,77,145,55,269,284,258,255,109,0,13,35,2,1884
597-607,587,149,105,94,377,386,378,276,95,1,18,24,1,2491
7069-7081,508,72,19,42,341,468,161,1510,101,0,64,51,0,3337
6112-6118,575,43,39,12,339,237,84,519,32,0,39,20,0,1939
4864-4871,346,66,56,28,310,279,164,565,44,0,32,46,6,1942
2914-2921,380,84,201,50,292,353,221,343,96,0,28,49,0,2097
7491-7494,142,4,4,4,353,78,17,399,5,0,23,14,0,1043
4487-4498,668,57,40,57,480,532,91,1228,24,0,32,69,0,3278
3031-3038,346,73,217,112,305,334,218,434,134,17,25,60,0,2275
3327-3337,807,70,83,43,311,550,152,741,76,0,30,79,2,2944
7247-7252,244,44,108,29,271,195,170,336,81,52,26,63,0,1619
2131-2138,398,96,120,49,212,337,215,217,86,4,20,31,0,1785
5864-5864,32,2,0,0,181,2,3,33,0,0,1,0,0,254
5915-5922,542,45,82,30,359,386,145,588,56,0,29,24,0,2286
3366-3368,82,13,25,2,84,182,36,264,17,0,15,8,0,728
4977-4983,407,52,55,23,182,212,74,450,55,0,21,16,0,1547
7457-7463,488,60,36,22,246,353,102,441,40,0,23,30,4,1845
5856-5857,84,2,3,1,14,34,2,202,8,0,7,0,0,357
4394-4396,70,2,1,3,62,17,3,81,1,0,11,0,0,251
3089-3089,13,2,0,0,2,7,1,18,1,0,2,0,0,46
6025-6025,22,0,6,0,11,6,3,99,2,0,4,2,0,155
3147-3151,270,69,14,9,192,234,54,351,27,0,16,30,0,1266
6733-6738,226,15,9,6,53,91,15,1087,23,0,26,7,0,1558
2226-2230,243,30,153,25,161,143,125,268,70,0,19,34,0,1271
7796-7811,926,120,110,41,610,876,141,1083,117,0,46,69,0,4139
2593-2604,564,98,309,89,435,508,333,525,178,11,38,74,2,3164
5638-5647,551,55,24,34,304,348,97,981,138,5,19,58,0,2614
2348-2349,102,14,50,24,93,92,57,96,31,0,1,8,0,568
5375-5388,523,73,41,47,509,401,113,1703,152,0,56,108,0,3726
2219-2225,330,47,214,52,278,250,223,287,107,1,23,51,2,1865
5932-5936,583,27,32,9,142,157,46,357,24,0,42,0,0,1419
5473-5473,110,2,4,1,4,17,4,51,3,0,1,2,0,199
4926-4927,36,13,13,3,50,20,30,247,3,1,12,1,0,429
913-922,490,109,159,70,299,341,316,351,111,0,18,44,0,2308
7650-7650,31,1,4,0,10,8,6,175,4,0,1,0,0,240
901-912,613,126,257,78,390,483,424,520,155,6,29,60,0,3141
5237-5242,302,58,75,15,245,189,129,221,44,0,18,26,0,1322
1073-1086,768,152,198,74,472,503,477,414,308,0,25,53,0,3444
2144-2156,665,85,427,101,452,448,313,727,160,0,78,63,0,3519
5873-5873,82,1,0,1,1,8,2,12,0,0,1,2,0,110
5530-5541,354,42,39,29,362,279,76,1427,86,0,37,94,1,2826
1685-1695,573,97,168,90,341,537,288,430,134,0,14,37,0,2709
1270-1275,284,46,201,70,248,227,217,258,131,0,17,45,0,1744
4393-4393,8,1,0,0,5,8,0,23,1,0,1,0,0,47
1905-1913,287,62,335,66,439,304,189,402,155,1,33,80,4,2357
2188-2195,362,56,226,51,326,332,221,352,123,0,21,58,0,2128
4874-4883,484,76,88,52,409,335,186,561,71,4,23,53,1,2343
6610-6620,849,66,53,73,261,396,90,1192,28,2,45,62,0,3117
502-510,412,92,183,83,281,365,338,303,89,0,19,44,0,2209
613-624,466,109,275,94,404,429,362,659,194,0,38,70,2,3102
4293-4296,77,11,6,4,247,72,11,47,4,0,10,10,0,499
6343-6350,668,24,9,6,213,117,37,947,14,0,33,29,0,2097
5441-5443,380,4,4,2,18,28,3,144,0,0,1,5,1,590
1647-1655,439,78,203,69,321,347,297,343,127,0,14,43,0,2281
4432-4434,209,4,5,0,35,57,21,436,5,0,9,18,0,799
6405-6410,443,22,28,24,162,156,91,549,15,1,11,31,1,1534
7722-7724,113,5,3,3,392,35,7,237,20,0,7,6,0,828
7680-7680,38,1,0,0,16,1,1,113,1,0,3,0,0,174
6604-6609,475,18,7,7,55,92,21,714,18,0,22,20,1,1450
587-596,547,151,105,104,360,437,365,309,101,0,15,35,1,2530
5392-5399,666,55,150,28,204,167,48,638,33,0,41,26,0,2056
122-131,618,173,94,116,326,497,292,243,84,0,19,19,1,2482
5456-5456,29,1,1,0,1,2,0,27,1,0,0,0,0,62
2393-2406,778,161,315,124,464,622,442,549,221,1,42,102,6,3827
3855-3855,44,1,2,1,27,4,1,76,4,0,4,5,0,169
5141-5157,957,236,182,56,636,935,344,696,160,0,50,90,5,4347
3120-3120,13,2,1,0,6,8,4,31,3,0,0,0,0,68
7242-7244,83,26,17,9,73,99,53,74,16,0,2,4,0,456
7279-7281,157,11,21,17,103,102,38,279,21,0,17,11,1,778
2001-2006,227,39,198,45,293,201,142,213,139,0,17,31,0,1545
7495-7495,52,4,0,0,8,16,4,116,2,0,2,0,0,204
4508-4513,448,18,9,8,342,113,22,661,19,0,24,3,0,1667
7930-7936,467,32,12,14,99,133,20,928,26,0,34,12,0,1777
2906-2913,389,84,210,48,297,362,247,361,109,3,18,39,0,2167
7646-7646,24,5,9,2,45,10,6,55,5,0,3,4,0,168
6462-6465,212,9,8,5,111,27,16,554,27,0,23,19,0,1011
3375-3375,25,3,1,3,49,21,24,69,2,0,0,3,0,200
2935-2941,391,114,100,69,266,387,270,209,100,0,13,38,0,1957
4809-4809,2,0,0,0,5,0,0,32,1,0,0,0,0,40
1757-1768,678,154,178,152,400,493,453,360,176,0,25,79,3,3151
7667-7671,366,10,18,7,528,87,29,378,18,0,13,20,1,1475
6680-6683,270,10,11,1,81,57,22,507,9,6,22,3,0,999
6421-6423,179,12,14,8,72,71,48,270,12,0,8,16,0,710
7253-7253,24,8,6,1,34,17,12,67,3,0,1,2,0,175
5870-5871,192,4,4,3,14,11,2,181,1,0,2,2,0,416
5845-5845,27,2,1,0,12,14,7,46,3,0,0,2,0,114
1132-1141,567,140,123,79,339,473,351,275,139,0,11,26,0,2523
7647-7649,396,3,9,7,156,37,12,175,6,0,11,7,0,819
7972-7972,8,2,1,0,3,5,0,11,3,1,0,0,1,35
4692-4704,455,46,19,26,422,880,55,1211,37,0,42,17,0,3210
5457-5469,342,60,31,39,486,379,79,1199,130,0,56,70,0,2871
5226-5233,408,57,88,31,274,191,151,379,60,0,19,49,0,1707
4282-4292,444,49,21,37,1301,320,75,737,52,0,39,58,6,3139
4426-4431,435,23,14,10,115,107,43,650,23,0,31,6,0,1457
2448-2455,405,67,175,58,238,338,238,311,120,1,19,50,6,2026
6059-6065,628,58,44,24,197,232,68,590,31,0,31,24,0,1927
3778-3790,821,30,104,23,801,308,101,925,59,0,52,53,0,3277
3129-3131,177,22,15,11,355,84,43,97,14,0,7,13,0,838
194-201,482,88,194,73,294,335,302,265,118,3,11,28,0,2193
7204-7212,506,55,60,49,269,335,205,807,71,0,18,41,3,2419
280-286,354,48,153,122,192,309,221,324,108,0,21,50,1,1903
1375-1383,486,108,150,91,366,318,327,263,126,1,10,31,0,2277
3085-3085,52,2,3,0,28,5,3,99,6,0,2,4,0,204
377-388,642,117,297,126,349,559,451,434,208,0,16,95,4,3298
6096-6096,45,3,5,0,6,17,2,64,0,0,3,1,0,146
4792-4792,23,1,0,0,11,8,0,108,3,0,1,1,0,156
1402-1409,347,87,129,72,296,249,259,227,96,0,11,25,0,1798
4476-4486,635,33,44,39,383,427,71,952,42,0,22,67,0,2715
6599-6603,405,25,11,14,68,120,36,516,16,0,42,0,0,1253
845-846,85,8,67,11,99,72,67,82,21,0,5,12,0,529
2055-2059,243,40,129,46,172,209,155,212,65,0,10,27,1,1309
1830-1840,410,94,197,90,320,432,291,413,177,0,22,29,0,2475
1876-1885,549,142,173,100,360,507,366,334,141,0,20,29,1,2722
853-854,55,10,47,13,90,57,52,96,19,0,11,14,0,464
7409-7413,400,37,10,13,100,205,52,481,16,0,9,22,7,1352
2559-2569,480,72,268,71,364,413,306,456,163,6,25,66,8,2698
